ArgHaAgrHb	-630000000	51	52;53
ArgNHAgrHb	-81400000	63	52;53	ga
ArgHaAgrHg	-747000000	51	54;55
ArgNHAgrHg	-251000000	63	54;55	ga
GlyNHAgrHg	-317000000	70	54;55	ga
ArgNHArgHa	-550000000	63	51	ga
GlyNHArgHa	-730000000	70	51	ga
AspNHAspHa	-391000000	82	79	ga
PheNHAspHa	-1040000000	20	79	ga
AspHaAspHb	-236000000	79	80
AspNHAspHb	-386000000	82	80	ga
AspHaAspHb'	-49600000	79	81	ga
AspNHAspHb'	-175000000	82	81
AspNHGlyHa	-1750000000	82	68	ga
GlyHa'GlyHa	-4930000000	69	68
GlyNHGlyHa	-752000000	70	68	ga
AspNHGlyHa'	-5320000000	82	69	ga
GlyNHGlyHa'	-307000000	70	69
ArgNHGlyNH	-108000000	63	70	ga
AspNHGlyNH	-84600000	82	70	ga
PheNHPheHa	-110000000	20	12	ga
PheoHPheHa	-680000000	15;16	12	ga
PheHaPheHb	-492000000	12	14
PheNHPheHb	-201000000	20	14
PheoHPheHb	-655000000	15;16	14	ga
PheHaPheHb'	-313000000	12	13
PheNHPheHb'	-228000000	20	13
PheoHPheHb'	-737000000	15;16	13	ga
AspNHPheNH	-138000000	82	20	ga
PheNHPheoH	-449000000	20	15;16	ga
ArgNHValHa	-1080000000	63	28	ga
PheoHValHa	-341000000	15;16	28	ga
ArgNHValHb	-185000000	63	29	ga
ValHaValHb	-401000000	28	29
ValNMeValHb	-1820000000	37;38;39	29	ga
PhempHValMe	-26300000	17;18;19	33;34;35	ga
PheoHValMe	-75800000	15;16	33;34;35	ga
ValHaValMe	-432000000	28	33;34;35
ValNMeValMe	-484000000	37;38;39	33;34;35	ga
ArgNHValMe'	-81100000	63	30;31;32	ga
ValHaValMe'	-518000000	28	30;31;32
ValNMeValMe'	-50500000	37;38;39	30;31;32	ga
ArgNHValNMe	-118000000	63	37;38;39	ga
AspNHValNMe	-210000000	82	37;38;39	ga
GlyNHValNMe	-76000000	70	37;38;39	ga
PheHaValNMe	-1450000000	12	37;38;39	ga
PheNHValNMe	-83400000	20	37;38;39
PhempHValNMe	-41300000	17;18;19	37;38;39	ga
PheoHValNMe	-100000000	15;16	37;38;39	ga
ValHaValNMe	-127000000	28	37;38;39
ArgHaArgHd	-208000000	51	56;57
